<?xml version="1.0" encoding="UTF-8"?>
<project-private xmlns="http://www.netbeans.org/ns/project-private/1">
    <editor-bookmarks xmlns="http://www.netbeans.org/ns/editor-bookmarks/2" lastBookmarkId="0"/>
    <open-files xmlns="http://www.netbeans.org/ns/projectui-open-files/2">
        <group>
            <file>file:/C:/Users/flore/Desktop/BOTIK_Codes_robots_2018/Carte-Strat%20-%2011.05.18%204/Carte%20Strat%20V2.X/Config_robots.h</file>
            <file>file:/C:/Users/flore/Desktop/BOTIK_Codes_robots_2018/Carte-Strat%20-%2011.05.18%204/Carte%20Strat%20V2.X/strategie.c</file>
        </group>
    </open-files>
</project-private>
